user,x,y,z,label(elder)
sample(A),"          data
0    -3.365752
1    -3.087867
2    -3.242378
3    -3.453391
4    -3.507943
...        ...
3995 -1.951737
3996 -1.512761
3997 -1.243397
3998  0.134039
3999  2.749688

[4000 rows x 1 columns]","          data
0    -5.882478
1    -6.165823
2    -6.226005
3    -6.492199
4    -6.367830
...        ...
3995 -5.988137
3996 -4.923838
3997 -3.380667
3998 -1.069664
3999  3.312490

[4000 rows x 1 columns]","          data
0     0.288374
1     0.160228
2    -0.000535
3     0.247541
4     0.649441
...        ...
3995  1.226278
3996  1.558480
3997  1.964425
3998  2.593001
3999  3.771516

[4000 rows x 1 columns]",0
sample(A),"          data
0     1.022742
1     1.172117
2     1.087358
3     1.133672
4     1.448042
...        ...
3995 -0.642490
3996 -1.384238
3997 -2.080914
3998 -2.197922
3999 -1.985339

[4000 rows x 1 columns]","          data
0    -1.976445
1    -2.048290
2    -1.814294
3    -1.261966
4    -0.659565
...        ...
3995 -3.897536
3996 -3.564709
3997 -3.268246
3998 -3.089613
3999 -2.340014

[4000 rows x 1 columns]","          data
0     0.599120
1     0.975774
2     1.471037
3     2.253585
4     2.564887
...        ...
3995 -1.738485
3996 -1.310594
3997 -1.126734
3998 -1.040180
3999 -1.270487

[4000 rows x 1 columns]",1
sample(B),"          data
0    -0.661238
1    -0.338677
2     0.098004
3     0.398078
4     0.586333
...        ...
3995 -1.633765
3996 -0.967068
3997 -0.943243
3998  4.955360
3999  6.243205

[4000 rows x 1 columns]","           data
0     -1.386376
1     -1.297709
2     -0.793845
3      0.295007
4      1.867911
...         ...
3995   9.528189
3996  13.694940
3997  13.678860
3998  13.310888
3999   7.449862

[4000 rows x 1 columns]","          data
0     1.540463
1     0.826280
2     0.184727
3     0.386122
4     1.265458
...        ...
3995  1.930310
3996  2.245049
3997  2.303546
3998  6.666976
3999  6.182117

[4000 rows x 1 columns]",0
sample(B),"          data
0     1.910281
1     2.062860
2     0.801520
3    -1.027897
4    -2.103252
...        ...
3995 -1.043548
3996 -0.854960
3997 -0.439697
3998 -0.368227
3999 -0.364099

[4000 rows x 1 columns]","          data
0     0.170531
1     1.314400
2     1.802244
3     1.372939
4     0.464527
...        ...
3995 -5.133230
3996 -4.971090
3997 -4.951952
3998 -4.518577
3999 -3.898452

[4000 rows x 1 columns]","          data
0     6.367803
1     7.279140
2     7.843835
3     7.776455
4     7.153216
...        ...
3995  2.771263
3996  1.568267
3997  0.107925
3998 -0.919168
3999 -1.112797

[4000 rows x 1 columns]",1
sample(C),"          data
0    -0.947677
1    -1.136365
2    -0.774211
3    -0.006744
4     0.170573
...        ...
3995 -1.087079
3996 -0.715464
3997 -0.110203
3998  0.494972
3999  1.218183

[4000 rows x 1 columns]","          data
0     0.556911
1     1.296633
2     1.182977
3     0.512463
4     0.596318
...        ...
3995  5.273681
3996  5.148124
3997  4.923934
3998  4.809784
3999  5.084178

[4000 rows x 1 columns]","          data
0     7.765652
1     5.635150
2     3.177234
3     1.343520
4     1.691729
...        ...
3995  6.192917
3996  5.633481
3997  4.792908
3998  4.895356
3999  4.956615

[4000 rows x 1 columns]",0
sample(C),"          data
0    -1.284329
1     0.415118
2     1.280985
3     1.643900
4     1.548020
...        ...
3995  6.809975
3996  4.864124
3997  2.069922
3998  2.784904
3999  0.268398

[4000 rows x 1 columns]","          data
0     0.511012
1     1.212032
2     0.744435
3    -0.016080
4    -0.765574
...        ...
3995 -2.437877
3996 -7.364125
3997 -8.545506
3998 -9.483189
3999 -8.311034

[4000 rows x 1 columns]","          data
0    -0.883244
1    -2.267407
2    -1.980495
3    -3.662426
4    -3.654550
...        ...
3995  1.099193
3996 -2.931585
3997 -4.230745
3998 -6.136647
3999 -7.040421

[4000 rows x 1 columns]",1
sample(D),"          data
0     4.071838
1     1.884793
2    -0.782961
3    -6.111086
4    -8.428152
...        ...
3995  1.201076
3996  1.300661
3997  1.421329
3998  1.503312
3999  1.815183

[4000 rows x 1 columns]","          data
0     6.177448
1     9.898814
2     9.233566
3     7.154323
4     5.283290
...        ...
3995 -0.286202
3996 -0.394881
3997 -0.601739
3998 -0.723550
3999 -1.058650

[4000 rows x 1 columns]","          data
0    -4.501697
1    -4.612154
2    -3.483778
3     1.574998
4     4.607869
...        ...
3995  1.101417
3996  1.035634
3997  0.972597
3998  1.008356
3999  0.926273

[4000 rows x 1 columns]",0
sample(D),"          data
0     2.257232
1     3.715116
2     3.757101
3     2.287868
4     1.283809
...        ...
3995 -1.375835
3996 -1.780589
3997 -2.453389
3998 -2.903236
3999 -3.358689

[4000 rows x 1 columns]","          data
0     2.419835
1     3.306090
2     3.421446
3     2.439398
4     2.170542
...        ...
3995  1.216543
3996  0.512114
3997 -0.110152
3998 -0.355078
3999 -0.673070

[4000 rows x 1 columns]","          data
0     0.746757
1     0.952765
2     1.011408
3     1.070587
4     0.897039
...        ...
3995  0.818206
3996 -0.115375
3997 -1.336307
3998 -1.454726
3999 -1.127911

[4000 rows x 1 columns]",1
sample(E),"          data
0     2.901240
1     3.246339
2     2.999821
3     2.848311
4     3.057118
...        ...
3995 -4.391787
3996 -4.194046
3997 -3.928670
3998 -4.042891
3999 -4.418704

[4000 rows x 1 columns]","          data
0     3.813385
1     4.343530
2     3.207542
3     2.398311
4     2.165111
...        ...
3995 -6.340879
3996 -7.629033
3997 -8.954723
3998 -9.404719
3999 -9.334124

[4000 rows x 1 columns]","          data
0     1.428483
1     1.062523
2     0.996439
3     0.509470
4     0.020453
...        ...
3995 -0.310366
3996 -0.660165
3997 -1.198964
3998 -1.647915
3999 -2.377689

[4000 rows x 1 columns]",0
sample(E),"          data
0     0.487248
1     0.348604
2     0.286161
3     0.270531
4     0.579732
...        ...
3995 -0.212864
3996 -0.315101
3997 -0.573577
3998 -0.863679
3999 -1.782834

[4000 rows x 1 columns]","          data
0    -3.575112
1    -3.901488
2    -3.932026
3    -3.475819
4    -3.008826
...        ...
3995  2.808467
3996  3.360061
3997  2.529855
3998  1.208339
3999  0.199435

[4000 rows x 1 columns]","          data
0    -0.005400
1     0.589838
2     0.805516
3     0.733023
4     0.553253
...        ...
3995  0.630659
3996  0.480485
3997  0.516487
3998  0.124293
3999  0.060428

[4000 rows x 1 columns]",1
sample(F),"          data
0     2.428363
1     2.364641
2     2.063323
3     1.617267
4     1.752606
...        ...
3995 -5.490069
3996 -5.590150
3997 -5.457980
3998 -4.018924
3999 -2.145614

[4000 rows x 1 columns]","          data
0     2.755986
1     2.940129
2     3.174966
3     3.400382
4     3.426653
...        ...
3995 -5.902878
3996 -5.762767
3997 -4.620476
3998 -1.450614
3999  3.111439

[4000 rows x 1 columns]","          data
0     0.207846
1     0.122824
2     0.332479
3     0.713725
4     0.807556
...        ...
3995 -0.740860
3996  0.743743
3997  1.639095
3998  2.865698
3999  4.652336

[4000 rows x 1 columns]",0
sample(F),"           data
0     -8.456787
1    -13.909684
2    -17.260468
3    -20.432135
4    -18.762766
...         ...
3995   5.629613
3996   8.425754
3997   8.135661
3998   7.541929
3999   4.886333

[4000 rows x 1 columns]","          data
0    -0.889812
1     1.539615
2     2.956055
3     5.650194
4     7.473486
...        ...
3995  1.563519
3996  2.074138
3997  2.849233
3998  3.871972
3999  5.358609

[4000 rows x 1 columns]","           data
0     -5.034383
1     -3.013999
2     -1.159303
3      3.068569
4      5.957458
...         ...
3995   4.885270
3996  17.184677
3997   7.518172
3998   2.117192
3999  -0.443958

[4000 rows x 1 columns]",1
sample(G),"          data
0     3.495378
1     4.094605
2     4.701459
3     5.023680
4     4.671192
...        ...
3995 -2.769410
3996 -2.553953
3997 -3.055117
3998 -3.254958
3999 -3.080174

[4000 rows x 1 columns]","          data
0     1.690144
1     1.164021
2     0.331775
3    -0.514717
4    -1.343596
...        ...
3995 -8.270794
3996 -8.260878
3997 -6.870113
3998 -5.823042
3999 -4.873670

[4000 rows x 1 columns]","          data
0     2.473462
1    -0.506809
2    -2.769521
3    -2.064230
4    -0.169082
...        ...
3995  2.152392
3996  0.451332
3997 -1.219953
3998 -2.204071
3999 -2.277271

[4000 rows x 1 columns]",0
sample(G),"          data
0    -1.186266
1    -1.232433
2    -1.309403
3    -2.220623
4    -2.494357
...        ...
3995 -1.922239
3996  0.191401
3997  2.118613
3998 -4.908480
3999 -1.731692

[4000 rows x 1 columns]","           data
0     -1.091572
1     -1.363675
2     -1.432845
3     -2.027858
4     -1.944921
...         ...
3995  -1.950050
3996 -13.975195
3997  -1.430835
3998  -3.545396
3999  -2.831967

[4000 rows x 1 columns]","           data
0      1.123746
1     -1.007429
2     -2.118122
3     -2.205611
4     -1.089084
...         ...
3995 -14.392477
3996 -20.927076
3997   5.189586
3998  -0.972455
3999   1.281612

[4000 rows x 1 columns]",1
sample(H),"          data
0     0.720028
1     0.399539
2     0.258205
3     0.428704
4     0.786873
...        ...
3995  1.558211
3996  1.066654
3997 -0.375217
3998 -1.467999
3999 -2.599079

[4000 rows x 1 columns]","           data
0      0.888673
1      0.951025
2      1.122072
3      1.188630
4      0.762569
...         ...
3995   6.206729
3996   8.152374
3997  10.929501
3998  12.572883
3999  11.532892

[4000 rows x 1 columns]","          data
0     0.939678
1     1.459671
2     2.166687
3     2.803798
4     2.266372
...        ...
3995 -1.467916
3996 -1.448419
3997  0.505947
3998  2.424894
3999  3.280742

[4000 rows x 1 columns]",0
sample(H),"          data
0     3.800999
1     3.487633
2     2.356484
3     1.228009
4     0.437805
...        ...
3995  1.622273
3996  2.561488
3997  2.848997
3998  2.634446
3999  2.522278

[4000 rows x 1 columns]","          data
0     0.121590
1     0.189769
2     1.436361
3     2.825045
4     3.752666
...        ...
3995  1.885550
3996  2.035856
3997  2.560695
3998  3.227769
3999  3.629181

[4000 rows x 1 columns]","          data
0     4.414320
1     6.920566
2     4.720453
3     0.878651
4    -1.036326
...        ...
3995  2.367664
3996  3.723757
3997  2.174500
3998 -0.241085
3999 -1.880436

[4000 rows x 1 columns]",1
sample(I),"          data
0    -0.964201
1    -1.747026
2    -2.345313
3    -2.746537
4    -2.904138
...        ...
3995  2.021625
3996  1.331805
3997  0.615031
3998 -0.121009
3999 -0.863849

[4000 rows x 1 columns]","          data
0     3.227830
1     1.179346
2    -0.745491
3    -2.090509
4    -3.462437
...        ...
3995  4.600036
3996  5.501669
3997  6.085809
3998  5.157772
3999  4.084113

[4000 rows x 1 columns]","          data
0     6.048797
1     1.212789
2    -0.442304
3    -0.908488
4    -1.441586
...        ...
3995 -0.531110
3996 -2.327866
3997 -3.017172
3998 -2.643462
3999 -2.734134

[4000 rows x 1 columns]",0
sample(I),"          data
0    -0.540110
1    -0.465556
2    -0.168297
3     0.161488
4     0.406702
...        ...
3995  0.535998
3996 -0.553830
3997 -1.757562
3998 -3.539531
3999 -4.467913

[4000 rows x 1 columns]","          data
0    -1.753950
1    -1.953434
2    -1.975468
3    -1.706837
4    -1.146144
...        ...
3995  0.315279
3996  0.644753
3997  0.116773
3998 -0.700827
3999 -1.653406

[4000 rows x 1 columns]","          data
0     0.549427
1     0.768380
2     0.981509
3     1.147052
4     1.259562
...        ...
3995 -2.184751
3996 -1.867907
3997 -1.711015
3998 -1.094623
3999 -0.020066

[4000 rows x 1 columns]",1
sample(J),"          data
0     1.845739
1     2.199038
2     2.537512
3     2.957178
4     3.139206
...        ...
3995  4.833909
3996  4.746543
3997  4.139443
3998  3.945449
3999  3.729037

[4000 rows x 1 columns]","          data
0    -0.471989
1    -1.218301
2    -1.605589
3    -1.174786
4    -0.097757
...        ...
3995  0.583996
3996  0.851515
3997  2.235293
3998  3.786617
3999  4.146912

[4000 rows x 1 columns]","          data
0     1.595384
1     0.532570
2     0.223704
3    -0.364045
4    -0.453182
...        ...
3995  2.893567
3996  3.962113
3997  3.075922
3998  2.041185
3999  1.494145

[4000 rows x 1 columns]",0
sample(J),"          data
0     1.038688
1     0.031375
2    -0.698001
3    -1.080462
4    -1.428581
...        ...
3995  1.248806
3996  0.979850
3997  0.471545
3998 -0.647827
3999 -1.386081

[4000 rows x 1 columns]","          data
0     3.503383
1     1.958827
2     0.518134
3    -0.504042
4    -0.944307
...        ...
3995  3.143057
3996  2.809681
3997  2.328012
3998  1.642930
3999  1.228637

[4000 rows x 1 columns]","          data
0    -2.132956
1    -2.612405
2    -2.907372
3    -2.642098
4    -2.247686
...        ...
3995 -1.191200
3996 -1.628682
3997 -2.288178
3998 -3.014668
3999 -3.591408

[4000 rows x 1 columns]",1
sample(K),"          data
0     0.439318
1    -0.052212
2    -0.027240
3     0.240781
4     0.496810
...        ...
3995 -5.093772
3996 -5.937663
3997 -5.035096
3998 -3.443799
3999 -2.556598

[4000 rows x 1 columns]","          data
0     1.729595
1     2.767608
2     3.399618
3     3.766442
4     3.874054
...        ...
3995  3.155420
3996  1.066031
3997 -0.439607
3998 -1.720177
3999 -2.815813

[4000 rows x 1 columns]","          data
0    -1.327618
1    -0.987749
2    -0.930994
3    -1.062032
4    -1.183797
...        ...
3995  1.959469
3996  1.520112
3997  0.863782
3998  0.670480
3999  0.647060

[4000 rows x 1 columns]",0
sample(K),"          data
0     3.057734
1     2.806788
2     2.318765
3     2.441190
4     2.805539
...        ...
3995  2.081029
3996  2.038945
3997  2.109649
3998  2.272577
3999  2.231370

[4000 rows x 1 columns]","          data
0     0.724029
1     0.714402
2     0.845692
3     1.291842
4     1.839206
...        ...
3995  1.602391
3996  3.003714
3997  3.863652
3998  4.055422
3999  3.702572

[4000 rows x 1 columns]","          data
0     1.470339
1     0.974045
2     0.755751
3     1.937213
4     3.725306
...        ...
3995  0.502812
3996  1.192420
3997  1.232772
3998  0.102116
3999  0.185173

[4000 rows x 1 columns]",1
sample(L),"          data
0     1.327958
1     0.742161
2     0.502066
3    -0.001276
4    -0.330639
...        ...
3995  1.873921
3996  1.963848
3997  2.880953
3998  0.661712
3999 -0.010440

[4000 rows x 1 columns]","          data
0     4.063782
1     2.642849
2     1.911672
3     1.196658
4    -0.045972
...        ...
3995  3.463068
3996  4.099249
3997  5.490166
3998  7.499630
3999  7.275749

[4000 rows x 1 columns]","          data
0    -0.545556
1    -0.441576
2    -2.071952
3    -2.998079
4    -2.756936
...        ...
3995  3.702300
3996  2.693900
3997 -0.262343
3998 -0.185788
3999  0.909171

[4000 rows x 1 columns]",0
sample(L),"          data
0     0.921805
1     0.924101
2     0.494505
3    -0.049918
4    -0.017550
...        ...
3995  0.500049
3996  0.304911
3997  0.650335
3998  0.784839
3999 -0.111017

[4000 rows x 1 columns]","          data
0     0.264448
1     0.563951
2     0.829853
3     1.193747
4     1.205426
...        ...
3995 -0.559735
3996 -0.988662
3997 -1.905295
3998 -1.808087
3999 -1.537318

[4000 rows x 1 columns]","          data
0     2.024157
1     2.193395
2     2.076394
3     1.500088
4     1.554878
...        ...
3995 -4.887921
3996 -4.709496
3997 -2.869729
3998 -1.274614
3999 -0.783294

[4000 rows x 1 columns]",1
sample(M),"          data
0    -0.538693
1    -2.319436
2    -3.632980
3    -4.521467
4    -4.189143
...        ...
3995 -2.040460
3996 -3.198413
3997 -3.975343
3998 -4.430820
3999 -4.227539

[4000 rows x 1 columns]","           data
0     11.391962
1     10.187281
2      7.001410
3      4.340034
4      1.431378
...         ...
3995   0.781963
3996   0.254463
3997   0.250943
3998   0.413213
3999   0.634009

[4000 rows x 1 columns]","          data
0    -2.246295
1    -2.195229
2    -1.596983
3    -0.787734
4    -1.455620
...        ...
3995 -3.527598
3996 -3.836412
3997 -2.942869
3998 -1.273717
3999 -0.327572

[4000 rows x 1 columns]",0
sample(M),"          data
0     3.618220
1     4.253742
2     4.389617
3     2.755372
4     1.489020
...        ...
3995 -1.348932
3996 -1.201820
3997 -0.993077
3998 -1.186487
3999 -0.576025

[4000 rows x 1 columns]","          data
0    -0.778529
1     0.208831
2     0.731860
3     0.707454
4     0.006192
...        ...
3995  0.757663
3996 -0.204632
3997 -0.742725
3998  0.122564
3999 -0.428647

[4000 rows x 1 columns]","          data
0    -3.025939
1    -1.511558
2     0.012094
3    -0.792051
4    -1.569890
...        ...
3995  2.605361
3996  2.497455
3997  2.233980
3998  2.005459
3999  1.075015

[4000 rows x 1 columns]",1
sample(N),"           data
0     -4.259703
1     -4.820478
2     -5.404815
3     -5.826965
4     -5.889189
...         ...
3995  -5.329364
3996  -5.597195
3997  -8.847194
3998 -10.521013
3999 -10.399422

[4000 rows x 1 columns]","           data
0     -3.927480
1     -3.765724
2     -3.838099
3     -4.024604
4     -4.498014
...         ...
3995   6.837974
3996  16.475929
3997  13.432964
3998   5.622126
3999   2.329742

[4000 rows x 1 columns]","          data
0    -3.514357
1    -3.158234
2    -2.765141
3    -2.766317
4    -2.968453
...        ...
3995  2.808211
3996 -0.236673
3997 -1.540623
3998 -1.962629
3999 -0.440857

[4000 rows x 1 columns]",0
sample(N),"          data
0     1.042406
1     0.765317
2     0.628771
3     0.473391
4     0.354052
...        ...
3995  0.031052
3996 -0.516028
3997 -1.679960
3998 -2.352670
3999 -2.743560

[4000 rows x 1 columns]","          data
0    -0.694231
1    -0.883582
2    -0.981231
3    -0.915520
4    -0.823315
...        ...
3995 -0.261995
3996 -1.154470
3997 -1.039370
3998 -0.622250
3999 -0.357729

[4000 rows x 1 columns]","          data
0     0.604622
1     0.609935
2     0.581068
3     0.596835
4     0.662348
...        ...
3995  1.679459
3996  1.058254
3997 -0.376634
3998 -1.277314
3999 -1.349668

[4000 rows x 1 columns]",1
sample(O),"          data
0     6.177564
1     6.132616
2     5.586731
3     2.595632
4    -0.796887
...        ...
3995 -0.631927
3996 -2.909187
3997 -3.097509
3998 -2.433474
3999 -1.850679

[4000 rows x 1 columns]","          data
0     6.489311
1     6.462589
2     0.949748
3     0.122960
4     1.424562
...        ...
3995 -1.587210
3996 -1.093069
3997 -1.150146
3998 -1.247758
3999 -1.201281

[4000 rows x 1 columns]","          data
0     2.888867
1     2.727225
2     5.673489
3     6.165534
4     4.319241
...        ...
3995  0.953745
3996  0.743454
3997 -0.132127
3998 -0.520096
3999 -0.240451

[4000 rows x 1 columns]",0
sample(O),"          data
0     0.061224
1     0.044758
2     0.412947
3     0.861135
4     1.512058
...        ...
3995  0.053448
3996  0.694589
3997  0.972090
3998  0.831324
3999  0.875039

[4000 rows x 1 columns]","          data
0    -3.991350
1    -2.212059
2     0.004267
3     2.325059
4     4.929935
...        ...
3995  1.321502
3996 -0.180116
3997 -1.532277
3998 -2.053949
3999 -2.039056

[4000 rows x 1 columns]","          data
0     0.832808
1     1.681232
2     3.254958
3     5.476416
4     8.219299
...        ...
3995  6.453722
3996  4.163314
3997  0.842725
3998 -1.363942
3999 -1.250997

[4000 rows x 1 columns]",1
sample(P),"          data
0    -1.430495
1    -1.037623
2    -0.025890
3     1.814941
4     3.454762
...        ...
3995 -2.148676
3996 -2.252853
3997 -2.282919
3998 -2.002449
3999 -1.129675

[4000 rows x 1 columns]","          data
0    -0.193369
1     0.072657
2     0.664543
3     1.607410
4     3.062246
...        ...
3995 -1.126485
3996  0.723669
3997  2.462282
3998  4.416578
3999  6.515745

[4000 rows x 1 columns]","          data
0    -0.192292
1     0.847223
2     2.773792
3     4.994241
4     6.923595
...        ...
3995  2.693043
3996  2.985870
3997  3.663088
3998  5.587444
3999  8.533195

[4000 rows x 1 columns]",0
sample(P),"          data
0    -0.917082
1    -0.888768
2    -0.964144
3    -1.053087
4    -1.399130
...        ...
3995  1.132200
3996  1.156469
3997  0.549194
3998  0.733784
3999  0.370972

[4000 rows x 1 columns]","          data
0    -2.197923
1    -2.568751
2    -2.917443
3    -3.000164
4    -2.754497
...        ...
3995  2.175378
3996  2.155897
3997  1.928001
3998  2.034875
3999  1.576005

[4000 rows x 1 columns]","          data
0    -0.941118
1    -0.318190
2     0.115742
3     0.254925
4     0.118039
...        ...
3995  1.498373
3996  1.404794
3997  1.722149
3998  0.993484
3999 -0.546299

[4000 rows x 1 columns]",1
sample(Q),"          data
0     4.977620
1     4.796587
2     3.388891
3     3.317187
4    -2.419796
...        ...
3995 -1.499953
3996 -1.357483
3997 -0.903268
3998 -0.298358
3999  0.354332

[4000 rows x 1 columns]","           data
0     -4.375498
1     -0.618211
2      3.086991
3      3.031317
4     10.751411
...         ...
3995  -1.471393
3996  -1.218371
3997  -1.266371
3998  -1.336423
3999  -1.005786

[4000 rows x 1 columns]","          data
0    -6.793438
1    -8.818726
2    -9.107443
3    -8.861794
4    -7.726927
...        ...
3995  1.527505
3996  1.874946
3997  1.878494
3998  1.231257
3999 -0.078970

[4000 rows x 1 columns]",0
sample(Q),"          data
0    -0.592900
1     0.798397
2     1.739275
3     1.790350
4     2.089588
...        ...
3995  2.738567
3996  2.136135
3997  0.738546
3998 -0.438124
3999 -0.320971

[4000 rows x 1 columns]","          data
0    -4.813118
1    -3.477761
2    -1.506376
3     0.598310
4     1.281660
...        ...
3995  4.412506
3996  3.779962
3997  3.470087
3998  3.245083
3999  2.441142

[4000 rows x 1 columns]","          data
0    -0.478267
1    -0.908870
2    -1.045839
3    -0.615645
4    -0.319248
...        ...
3995  8.671561
3996  7.811154
3997  6.114067
3998  3.750525
3999  1.967255

[4000 rows x 1 columns]",1
sample(R),"          data
0     1.032660
1     1.276403
2     1.152100
3     1.125467
4     0.539987
...        ...
3995 -1.376727
3996  0.467511
3997 -0.517847
3998 -1.257193
3999 -1.619045

[4000 rows x 1 columns]","          data
0     1.724379
1     0.813924
2     0.174321
3     0.183618
4    -1.115766
...        ...
3995 -4.549820
3996  0.292497
3997  4.950560
3998  7.515288
3999  9.218345

[4000 rows x 1 columns]","          data
0     4.484289
1     4.461882
2     2.987193
3     2.912559
4    -0.251132
...        ...
3995  1.764411
3996  4.157605
3997  4.594423
3998  3.951071
3999  2.890757

[4000 rows x 1 columns]",0
sample(R),"          data
0     1.498448
1     0.088156
2    -2.108594
3    -4.206250
4    -4.953007
...        ...
3995  2.826726
3996  1.375150
3997  0.896376
3998  0.807950
3999  1.305921

[4000 rows x 1 columns]","          data
0    -0.796264
1    -0.713937
2     0.628230
3     3.816243
4     5.829972
...        ...
3995  2.114959
3996  2.568426
3997  3.232426
3998  2.686590
3999  0.890219

[4000 rows x 1 columns]","          data
0    -1.825224
1    -1.109746
2     0.570330
3     1.290075
4     1.966779
...        ...
3995  5.120070
3996  4.144027
3997  0.856393
3998 -3.309377
3999 -4.478580

[4000 rows x 1 columns]",1
sample(S),"          data
0     0.376728
1     0.178061
2    -0.123432
3    -0.798128
4    -1.636185
...        ...
3995 -1.333745
3996 -2.311943
3997 -2.291836
3998 -1.853348
3999 -1.178696

[4000 rows x 1 columns]","          data
0    -2.969637
1    -2.682357
2    -2.413769
3    -2.182071
4    -2.173115
...        ...
3995 -1.062115
3996 -1.050149
3997 -1.224380
3998 -1.566168
3999 -1.814126

[4000 rows x 1 columns]","          data
0    -1.407229
1    -1.027514
2    -0.815299
3    -0.573914
4    -0.243465
...        ...
3995  5.377250
3996  3.784260
3997  2.096029
3998  0.769848
3999 -0.250958

[4000 rows x 1 columns]",0
sample(S),"          data
0    -0.242522
1    -1.231046
2    -0.077506
3     1.229956
4     1.836051
...        ...
3995 -1.986609
3996 -2.197859
3997 -2.190377
3998 -2.702332
3999 -2.678882

[4000 rows x 1 columns]","          data
0     0.588223
1    -3.109716
2    -1.834004
3     0.518769
4     2.569496
...        ...
3995 -3.343012
3996 -3.006118
3997 -3.060943
3998 -3.683333
3999 -4.143218

[4000 rows x 1 columns]","          data
0     7.528152
1     4.418063
2     2.821716
3     0.821824
4     1.194912
...        ...
3995  0.999859
3996  1.147266
3997  1.249353
3998  1.117857
3999  1.091133

[4000 rows x 1 columns]",1
sample(T),"          data
0     0.151179
1     0.016318
2    -0.034763
3    -0.059402
4    -0.086657
...        ...
3995  2.418378
3996  2.139836
3997  1.932022
3998  1.637645
3999  1.292624

[4000 rows x 1 columns]","          data
0     0.227888
1     0.174489
2     0.128359
3     0.070332
4     0.009987
...        ...
3995 -1.501794
3996 -1.321708
3997 -1.490918
3998 -1.618578
3999 -1.620931

[4000 rows x 1 columns]","          data
0    -0.064697
1    -0.017537
2     0.002667
3     0.019945
4     0.046139
...        ...
3995 -1.115788
3996 -0.934553
3997 -0.559034
3998 -0.031604
3999  0.388041

[4000 rows x 1 columns]",0
sample(T),"          data
0    -0.672666
1    -0.277957
2     0.313343
3     0.627431
4     0.799701
...        ...
3995 -0.228704
3996  0.099447
3997  0.462012
3998  0.741315
3999  1.054776

[4000 rows x 1 columns]","          data
0     0.646587
1     0.961119
2     1.211735
3     1.255049
4     1.526871
...        ...
3995  2.353896
3996  2.213343
3997  1.891662
3998  1.951605
3999  1.509475

[4000 rows x 1 columns]","          data
0     0.515549
1     0.380252
2     0.888525
3     1.365128
4     1.788697
...        ...
3995  1.725647
3996  2.000362
3997  2.346933
3998  2.473446
3999  2.813050

[4000 rows x 1 columns]",1
sample(U),"          data
0     2.485040
1     2.621072
2     2.068726
3     2.014440
4     0.119843
...        ...
3995 -2.476247
3996 -1.761552
3997 -1.210227
3998 -0.822144
3999 -0.852283

[4000 rows x 1 columns]","          data
0     1.974385
1     3.560481
2     4.776342
3     4.778975
4     3.700404
...        ...
3995  1.541204
3996  1.340254
3997  1.682443
3998  2.224019
3999  2.242403

[4000 rows x 1 columns]","          data
0     1.550100
1     0.203376
2    -2.192524
3    -2.167025
4    -6.092408
...        ...
3995  0.664149
3996  1.420247
3997  1.480566
3998  1.631924
3999  1.576522

[4000 rows x 1 columns]",0
sample(U),"          data
0    -2.313282
1    -4.264481
2    -4.396486
3    -4.523328
4    -3.971725
...        ...
3995  0.122166
3996  1.147632
3997  0.951059
3998  1.736284
3999  1.410875

[4000 rows x 1 columns]","          data
0    -0.671287
1     3.609468
2     3.598886
3     5.836214
4     5.468973
...        ...
3995 -2.002720
3996 -1.618073
3997  0.638351
3998 -0.638560
3999 -1.894934

[4000 rows x 1 columns]","          data
0    -2.165713
1    -2.923753
2    -3.000445
3    -0.595517
4     0.455556
...        ...
3995 -0.327921
3996 -0.892620
3997 -1.444290
3998 -0.823425
3999 -0.412253

[4000 rows x 1 columns]",1
sample(V),"          data
0    -3.662817
1    -3.706887
2    -4.258101
3    -4.787495
4    -5.083269
...        ...
3995 -0.112764
3996  0.104079
3997  0.153299
3998  0.188810
3999  0.148674

[4000 rows x 1 columns]","          data
0    -8.955641
1    -5.960750
2    -1.837995
3     0.830711
4     3.479178
...        ...
3995 -2.470887
3996 -1.532463
3997 -0.336212
3998  0.869298
3999  2.140848

[4000 rows x 1 columns]","          data
0    -3.182011
1    -3.481876
2    -3.851930
3    -4.264791
4    -4.406089
...        ...
3995  1.395978
3996  1.662764
3997  1.918596
3998  2.235862
3999  2.730914

[4000 rows x 1 columns]",0
sample(V),"          data
0     5.479280
1     9.040536
2     8.990950
3     9.414629
4     5.739582
...        ...
3995 -0.329927
3996 -0.291703
3997 -0.613869
3998 -0.374559
3999  0.510147

[4000 rows x 1 columns]","           data
0     12.906689
1     18.880142
2     18.898869
3      6.629617
4      1.056158
...         ...
3995   1.781043
3996   1.789086
3997   1.660213
3998   2.659759
3999   3.454929

[4000 rows x 1 columns]","           data
0     10.102791
1     19.879892
2     19.740370
3     10.370452
4      7.262743
...         ...
3995   2.226673
3996   2.231267
3997   0.291645
3998   1.179551
3999   3.090961

[4000 rows x 1 columns]",1
sample(W),"          data
0    -0.618653
1    -0.476353
2    -0.038671
3     0.519938
4     0.934722
...        ...
3995  0.481678
3996 -0.100518
3997  0.114849
3998  0.123433
3999  0.276101

[4000 rows x 1 columns]","          data
0     1.238631
1    -1.527294
2    -2.515504
3    -3.048170
4    -2.978444
...        ...
3995 -0.583523
3996  1.153948
3997  1.663938
3998  1.515663
3999  0.824099

[4000 rows x 1 columns]","          data
0    -0.609903
1    -1.741015
2    -1.796466
3    -1.534634
4    -1.012861
...        ...
3995 -1.298664
3996 -0.503911
3997 -0.050990
3998  0.103240
3999 -0.156072

[4000 rows x 1 columns]",0
sample(W),"          data
0    -3.642598
1    -2.846828
2    -1.985024
3    -0.832194
4    -0.096383
...        ...
3995  2.110172
3996  2.322000
3997  2.294672
3998  2.152917
3999  2.340880

[4000 rows x 1 columns]","          data
0    -8.341892
1    -7.308448
2    -5.560674
3    -3.527761
4     0.643291
...        ...
3995 -0.459341
3996 -0.555346
3997 -0.681771
3998 -0.637178
3999 -0.454884

[4000 rows x 1 columns]","          data
0     3.404538
1     4.562605
2     5.768617
3     5.538861
4     2.890654
...        ...
3995 -1.297552
3996 -0.598330
3997 -1.341994
3998 -2.983547
3999 -4.193986

[4000 rows x 1 columns]",1
sample(X),"          data
0    -7.695005
1    -6.399453
2    -4.287994
3    -1.050549
4     2.490650
...        ...
3995  8.830810
3996  8.426588
3997  7.121461
3998  5.057228
3999  3.025921

[4000 rows x 1 columns]","          data
0    -9.526472
1    -8.508010
2    -7.075661
3    -5.445906
4    -3.018935
...        ...
3995  2.713837
3996  4.354917
3997  6.284538
3998  7.631459
3999  7.347425

[4000 rows x 1 columns]","          data
0    -3.732807
1    -2.473598
2    -0.204747
3     3.979016
4     8.553134
...        ...
3995 -0.740895
3996 -0.802443
3997  0.108934
3998 -0.820044
3999 -2.507526

[4000 rows x 1 columns]",0
sample(X),"          data
0    -1.406650
1    -0.152233
2     1.430066
3     2.070481
4     1.691642
...        ...
3995 -3.965292
3996 -4.283325
3997 -1.362412
3998  0.778502
3999  0.787294

[4000 rows x 1 columns]","           data
0     -2.226809
1      0.208948
2      3.431903
3      9.840494
4     17.157375
...         ...
3995  -9.897163
3996  -5.575731
3997   1.956541
3998  11.287210
3999  11.262012

[4000 rows x 1 columns]","          data
0     3.317634
1     0.727556
2     0.757566
3    -0.196954
4    -4.905760
...        ...
3995  0.419144
3996  1.318835
3997 -0.380722
3998 -4.992434
3999 -4.934097

[4000 rows x 1 columns]",1
sample(Y),"          data
0     1.155939
1     2.182702
2     2.196428
3     3.138967
4     4.088665
...        ...
3995  5.347916
3996  4.763823
3997  3.323847
3998  1.729014
3999  0.019374

[4000 rows x 1 columns]","          data
0     0.487557
1     0.745751
2     0.750654
3     1.053646
4     1.810514
...        ...
3995  2.334928
3996  2.740817
3997  3.474055
3998  4.025756
3999  4.243472

[4000 rows x 1 columns]","          data
0     1.212119
1     0.842875
2     0.881803
3     0.453012
4     0.486850
...        ...
3995  0.787555
3996  1.340101
3997  1.919357
3998  2.236261
3999  1.790368

[4000 rows x 1 columns]",0
sample(Y),"          data
0    -0.072517
1     0.012381
2     0.059804
3     0.062603
4     0.103697
...        ...
3995 -0.503883
3996 -0.272322
3997  0.124213
3998  0.650100
3999  0.819126

[4000 rows x 1 columns]","          data
0    -1.102359
1    -0.934496
2    -0.938300
3    -1.243197
4    -1.245828
...        ...
3995 -2.700769
3996 -1.914995
3997 -2.000354
3998 -1.974725
3999 -2.380545

[4000 rows x 1 columns]","          data
0     2.341811
1     0.933669
2     1.001687
3     1.992504
4     2.042764
...        ...
3995  1.279133
3996  1.803750
3997  2.129313
3998  3.482502
3999  3.030055

[4000 rows x 1 columns]",1
sample(Z),"          data
0    -0.868234
1    -0.872575
2    -0.843057
3    -0.910376
4    -1.173417
...        ...
3995 -0.415246
3996 -1.103615
3997 -1.076206
3998 -1.047213
3999 -1.749641

[4000 rows x 1 columns]","          data
0    -0.732985
1    -0.407149
2    -0.020878
3     0.461596
4     0.968447
...        ...
3995 -2.260753
3996 -2.373698
3997 -2.944268
3998 -2.940153
3999 -3.139563

[4000 rows x 1 columns]","          data
0     1.683468
1     1.344293
2     1.164359
3     1.314667
4     1.778404
...        ...
3995  0.442147
3996  0.353487
3997  0.721102
3998  0.641831
3999  0.553433

[4000 rows x 1 columns]",0
sample(Z),"          data
0     0.872636
1     0.749700
2     0.309559
3    -0.080646
4    -0.202860
...        ...
3995  3.204581
3996  2.753839
3997  1.583914
3998  0.164227
3999 -0.882618

[4000 rows x 1 columns]","          data
0    -1.465212
1    -1.750412
2    -1.346420
3    -0.242238
4     0.859324
...        ...
3995  3.242510
3996  3.068463
3997  2.348565
3998  1.328000
3999  0.207688

[4000 rows x 1 columns]","          data
0     3.573650
1     3.258358
2     2.702417
3     2.809667
4     2.168853
...        ...
3995 -4.730464
3996 -5.243879
3997 -5.107251
3998 -4.624248
3999 -3.681836

[4000 rows x 1 columns]",1
sample(AA),"          data
0    -4.733077
1    -4.646532
2    -1.325119
3     0.058303
4     0.213893
...        ...
3995 -3.819595
3996 -4.419138
3997 -3.609251
3998 -3.571943
3999 -3.622948

[4000 rows x 1 columns]","          data
0    -0.541596
1    -0.580756
2    -2.892365
3    -2.856390
4    -2.110378
...        ...
3995  7.753266
3996  3.967528
3997 -0.515861
3998 -3.074336
3999 -4.656951

[4000 rows x 1 columns]","          data
0    -4.906428
1    -4.875348
2    -6.175810
3    -6.442898
4    -6.259373
...        ...
3995 -2.359719
3996 -1.601386
3997 -1.247380
3998 -2.309182
3999 -3.839984

[4000 rows x 1 columns]",0
sample(AB),"          data
0     6.246361
1     4.197384
2     2.361063
3     0.075383
4    -1.737943
...        ...
3995  1.669287
3996  2.938555
3997  1.836292
3998  0.438146
3999 -2.213196

[4000 rows x 1 columns]","          data
0     3.046419
1     1.859452
2     0.836184
3    -0.319349
4    -1.538607
...        ...
3995 -1.951229
3996 -0.765108
3997  1.249727
3998  3.353814
3999  6.755163

[4000 rows x 1 columns]","          data
0     1.794373
1     1.862528
2     2.628425
3     2.668660
4     0.964638
...        ...
3995 -0.029239
3996 -3.385063
3997 -5.670142
3998 -7.499629
3999 -8.340916

[4000 rows x 1 columns]",0
sample(AB),"          data
0    -1.376617
1    -0.736471
2     0.154556
3     1.237761
4     1.755414
...        ...
3995 -0.237247
3996 -0.839987
3997 -0.890654
3998 -0.882660
3999 -0.747762

[4000 rows x 1 columns]","          data
0     0.214405
1    -0.475629
2    -0.606075
3    -0.546535
4    -0.286016
...        ...
3995 -1.338230
3996 -1.123196
3997 -1.120857
3998 -0.398347
3999 -0.153899

[4000 rows x 1 columns]","          data
0    -1.163771
1    -1.365116
2    -1.278309
3    -0.843776
4    -1.371639
...        ...
3995 -1.398750
3996 -1.401846
3997 -1.310255
3998 -0.208203
3999 -0.311083

[4000 rows x 1 columns]",1
sample(AC),"          data
0    -1.377494
1    -0.890646
2     0.214947
3     0.427419
4     0.271987
...        ...
3995  2.909461
3996  2.827940
3997  2.434403
3998  2.035389
3999  1.820619

[4000 rows x 1 columns]","          data
0     3.777671
1     3.749715
2     3.210612
3     2.715588
4     2.263556
...        ...
3995  0.027454
3996 -0.152319
3997 -0.523978
3998 -0.968688
3999 -0.974841

[4000 rows x 1 columns]","          data
0     2.815548
1     2.295627
2     1.739568
3     0.119969
4    -3.156089
...        ...
3995  0.576285
3996  0.048392
3997  0.239277
3998  0.661131
3999  0.993566

[4000 rows x 1 columns]",0
sample(AC),"          data
0     1.955803
1     2.038623
2     2.184185
3     2.549500
4     2.296051
...        ...
3995 -0.917672
3996 -1.123865
3997 -0.984686
3998 -1.618418
3999 -2.390632

[4000 rows x 1 columns]","          data
0    -0.897066
1    -0.778607
2    -0.329676
3    -0.625267
4    -0.233359
...        ...
3995  1.422665
3996  1.399403
3997  0.568537
3998  0.299657
3999  0.107460

[4000 rows x 1 columns]","          data
0     1.521202
1     1.735881
2     1.189378
3     1.537443
4     1.219201
...        ...
3995 -1.562265
3996 -1.479935
3997 -0.946753
3998 -0.674039
3999 -0.346505

[4000 rows x 1 columns]",1
sample(AD),"          data
0    -0.559592
1    -0.166143
2     0.010671
3     0.426872
4     1.108027
...        ...
3995 -3.693492
3996 -4.131254
3997 -3.568405
3998 -2.654340
3999 -0.261245

[4000 rows x 1 columns]","          data
0     1.704365
1     1.493471
2     1.725641
3     2.618101
4     3.270552
...        ...
3995  5.781895
3996  3.124009
3997 -0.080338
3998 -1.971172
3999 -1.337518

[4000 rows x 1 columns]","          data
0     0.972507
1     1.736796
2     3.055953
3     4.169464
4     3.837301
...        ...
3995  6.925637
3996  4.449458
3997  1.820632
3998  0.426291
3999 -0.424567

[4000 rows x 1 columns]",0
sample(AD),"          data
0     0.444105
1     0.941021
2     1.139918
3     1.714874
4     1.502101
...        ...
3995  2.051361
3996  1.610226
3997  0.628727
3998  0.573215
3999  0.936398

[4000 rows x 1 columns]","          data
0     0.233500
1     1.028697
2     1.652727
3     1.748461
4     2.181444
...        ...
3995 -1.902155
3996 -0.595093
3997  0.626243
3998  0.273765
3999 -0.878013

[4000 rows x 1 columns]","          data
0     0.851255
1     0.751208
2     0.466535
3     0.612048
4     0.549573
...        ...
3995 -2.093443
3996 -1.700340
3997 -2.544199
3998 -1.043854
3999  0.557912

[4000 rows x 1 columns]",1
sample(AE),"          data
0    -0.424921
1    -1.038322
2    -1.601626
3    -2.002829
4    -2.323925
...        ...
3995 -2.175258
3996 -0.843894
3997  0.558580
3998  1.072114
3999  1.676867

[4000 rows x 1 columns]","          data
0    -2.411810
1    -2.671432
2    -2.911680
3    -3.013123
4    -3.055144
...        ...
3995 -2.102111
3996 -2.469745
3997 -3.034842
3998 -3.806557
3999 -4.819798

[4000 rows x 1 columns]","          data
0     0.449901
1     0.675747
2     1.085286
3     1.519993
4     1.815674
...        ...
3995 -0.175273
3996  0.492818
3997  0.624973
3998  0.715408
3999  0.725387

[4000 rows x 1 columns]",0
sample(AE),"          data
0     2.289055
1     1.751990
2     1.746789
3     2.056112
4     2.356359
...        ...
3995 -0.721588
3996  1.584447
3997  4.318710
3998  4.281069
3999  4.058087

[4000 rows x 1 columns]","          data
0    -2.084042
1    -2.336015
2    -2.541780
3    -2.413799
4    -1.793859
...        ...
3995  0.588821
3996 -0.527413
3997 -0.375263
3998  1.124560
3999  1.954241

[4000 rows x 1 columns]","          data
0     0.544491
1     0.446527
2     0.556839
3     0.617080
4     0.392530
...        ...
3995 -2.455363
3996 -1.816189
3997  0.353932
3998 -1.342773
3999 -1.486435

[4000 rows x 1 columns]",1
sample(AF),"          data
0     0.196208
1    -0.241304
2    -1.015809
3    -3.589680
4    -4.867619
...        ...
3995  0.890005
3996  0.790613
3997  0.368400
3998  0.415863
3999  0.038799

[4000 rows x 1 columns]","           data
0      5.210600
1      9.135643
2     11.080054
3     10.942058
4      8.089771
...         ...
3995  -1.486096
3996  -1.579760
3997  -1.625175
3998  -1.531148
3999  -1.206661

[4000 rows x 1 columns]","          data
0     0.093740
1    -2.376163
2    -2.349632
3    -2.638477
4    -4.614395
...        ...
3995  1.289994
3996  1.250593
3997  1.423857
3998  2.143421
3999  3.093752

[4000 rows x 1 columns]",0
sample(AF),"          data
0    -1.438251
1    -1.430809
2    -0.912819
3    -0.356479
4    -0.230220
...        ...
3995  1.304745
3996  0.700554
3997 -0.102233
3998 -0.965359
3999 -1.418202

[4000 rows x 1 columns]","          data
0    -1.962968
1    -2.084471
2    -2.277033
3    -1.594305
4    -1.414032
...        ...
3995 -0.393017
3996 -0.097936
3997 -0.108071
3998 -0.252298
3999 -0.342818

[4000 rows x 1 columns]","          data
0    -0.359260
1    -0.297462
2    -0.138069
3     0.252710
4    -0.257122
...        ...
3995 -3.233163
3996 -2.865441
3997 -2.538797
3998 -1.890812
3999 -1.027359

[4000 rows x 1 columns]",1
sample(AG),"          data
0    -0.103024
1    -0.225181
2    -0.362117
3    -0.361016
4     0.078175
...        ...
3995  0.332093
3996  0.960134
3997  1.288671
3998  1.119602
3999  1.083641

[4000 rows x 1 columns]","          data
0     1.603165
1     1.430721
2     1.566177
3     2.049770
4     3.037867
...        ...
3995  1.847894
3996  1.248058
3997  0.567765
3998  0.149700
3999  0.277609

[4000 rows x 1 columns]","          data
0     0.967858
1     1.321320
2     1.653773
3     1.529339
4     0.767349
...        ...
3995  3.480944
3996  2.881107
3997  2.458790
3998  1.918303
3999  1.575358

[4000 rows x 1 columns]",0
sample(AG),"          data
0    -0.614642
1    -1.162697
2    -1.940496
3    -2.457998
4    -2.972795
...        ...
3995  1.601099
3996  1.597816
3997  1.435217
3998  1.462273
3999  0.260207

[4000 rows x 1 columns]","          data
0     4.156606
1     5.200708
2     5.084733
3     3.916665
4     2.028880
...        ...
3995 -0.224458
3996 -0.104568
3997  0.015903
3998  0.017098
3999  0.540636

[4000 rows x 1 columns]","          data
0    -2.202893
1    -0.008729
2     2.308535
3     2.223241
4     2.091441
...        ...
3995  0.742728
3996  0.800153
3997  1.094632
3998  1.154198
3999  1.258411

[4000 rows x 1 columns]",1
sample(AH),"          data
0     3.430805
1     3.315750
2     2.852026
3     2.329612
4     2.424832
...        ...
3995  1.802343
3996 -1.085089
3997 -2.529819
3998 -2.639075
3999 -1.631741

[4000 rows x 1 columns]","          data
0     2.240622
1     4.336498
2     2.477352
3     1.040800
4     0.954985
...        ...
3995 -0.836311
3996 -1.846662
3997 -1.368176
3998 -0.986511
3999 -1.144454

[4000 rows x 1 columns]","          data
0    -3.237025
1    -3.669775
2    -3.739371
3    -3.979070
4    -1.681587
...        ...
3995  2.227170
3996  2.589375
3997  2.868396
3998  2.686646
3999  1.798771

[4000 rows x 1 columns]",0
sample(AH),"          data
0    -1.226800
1    -1.882435
2    -2.004144
3    -1.856265
4    -1.355501
...        ...
3995  0.189918
3996 -0.014551
3997  0.129156
3998 -0.468881
3999 -1.679088

[4000 rows x 1 columns]","          data
0     0.190022
1    -0.192937
2     0.016181
3     0.316734
4     0.582011
...        ...
3995 -4.691894
3996 -4.698920
3997 -4.669366
3998 -4.574409
3999 -4.019983

[4000 rows x 1 columns]","          data
0     0.387559
1     2.099698
2     3.292261
3     4.263825
4     4.442737
...        ...
3995 -3.822603
3996 -2.909757
3997 -3.105154
3998 -2.060547
3999  0.536067

[4000 rows x 1 columns]",1
sample(AI),"          data
0    -4.901647
1    -5.116835
2    -5.076553
3    -5.160444
4    -5.922095
...        ...
3995 -2.416833
3996 -2.270324
3997 -1.653018
3998 -1.122600
3999 -1.103357

[4000 rows x 1 columns]","          data
0     2.204996
1     2.296662
2     2.137314
3     1.788564
4     1.873164
...        ...
3995 -2.359129
3996 -2.110360
3997 -1.800721
3998 -1.407419
3999 -1.410389

[4000 rows x 1 columns]","          data
0     0.230371
1    -0.185236
2    -0.410166
3    -0.182047
4    -0.515181
...        ...
3995 -0.094497
3996 -1.558187
3997 -1.801449
3998 -1.340782
3999 -1.271733

[4000 rows x 1 columns]",0
sample(AI),"          data
0    -6.185706
1    -4.758467
2    -3.386504
3    -1.293097
4     1.396997
...        ...
3995 -0.358368
3996  0.095193
3997  0.492686
3998  0.532923
3999  0.542933

[4000 rows x 1 columns]","          data
0     4.618626
1     1.966163
2     0.183565
3     0.492954
4     0.851410
...        ...
3995 -6.203557
3996 -6.558483
3997 -6.404494
3998 -6.244281
3999 -5.581864

[4000 rows x 1 columns]","          data
0     1.692939
1     1.336062
2     0.971356
3     1.312927
4     1.827380
...        ...
3995  0.431625
3996  0.648901
3997 -0.897309
3998 -1.966270
3999 -0.765600

[4000 rows x 1 columns]",1
sample(AJ),"          data
0    -0.131212
1     0.138755
2     0.220183
3     0.313424
4     0.202112
...        ...
3995 -2.728827
3996 -2.884635
3997 -2.895949
3998 -2.455491
3999 -1.660113

[4000 rows x 1 columns]","          data
0    -4.390675
1    -4.459396
2    -4.659621
3    -4.666210
4    -4.455352
...        ...
3995  6.225358
3996  6.428364
3997  6.582906
3998  6.220213
3999  5.867711

[4000 rows x 1 columns]","          data
0     0.171055
1     0.437019
2     0.683573
3     0.876338
4     1.147264
...        ...
3995 -7.836559
3996 -7.518711
3997 -7.336415
3998 -7.485952
3999 -8.257625

[4000 rows x 1 columns]",0
sample(AJ),"          data
0    -0.018859
1    -0.002685
2     0.003597
3    -0.014740
4    -0.032575
...        ...
3995  0.252733
3996  0.353489
3997 -0.345425
3998 -0.848189
3999  0.011507

[4000 rows x 1 columns]","          data
0     0.032375
1     0.005739
2     0.017471
3     0.029320
4     0.019540
...        ...
3995 -2.556917
3996 -3.200277
3997 -3.238274
3998 -2.216464
3999 -1.401233

[4000 rows x 1 columns]","          data
0     0.013477
1    -0.005148
2     0.002602
3    -0.018450
4    -0.001034
...        ...
3995  0.371849
3996 -1.177673
3997  0.564704
3998  0.950143
3999  0.647159

[4000 rows x 1 columns]",1
sample(AK),"          data
0    -1.027407
1    -0.189714
2     0.620264
3     0.578452
4     1.344510
...        ...
3995 -2.448285
3996 -3.087728
3997 -3.076646
3998 -3.785037
3999 -3.893934

[4000 rows x 1 columns]","          data
0    -0.213721
1    -0.029235
2     0.060395
3     0.098298
4    -0.023336
...        ...
3995  6.158192
3996  4.345626
3997  4.320021
3998 -1.554137
3999 -3.022088

[4000 rows x 1 columns]","          data
0    -2.024583
1    -2.266099
2    -2.330343
3    -2.386901
4    -2.518125
...        ...
3995 -7.803505
3996 -9.268158
3997 -9.000843
3998 -6.032591
3999 -4.416324

[4000 rows x 1 columns]",0
sample(AK),"          data
0    -0.490470
1     1.253034
2     2.857919
3     4.063272
4     4.747437
...        ...
3995 -1.864087
3996 -2.370987
3997 -2.335332
3998 -2.803174
3999 -2.894471

[4000 rows x 1 columns]","          data
0    -3.584364
1    -2.118594
2    -1.023859
3    -0.404163
4     0.063181
...        ...
3995 -1.229708
3996 -1.985712
3997 -1.959879
3998 -0.625379
3999  2.044924

[4000 rows x 1 columns]","          data
0    -2.528922
1    -1.268514
2     0.763296
3     2.411012
4     2.770954
...        ...
3995  2.936421
3996  3.099006
3997  3.020228
3998  4.448403
3999  3.884686

[4000 rows x 1 columns]",1
sample(AL),"          data
0    -3.947771
1    -4.062731
2    -2.986526
3    -2.529507
4    -2.497319
...        ...
3995  4.344461
3996  3.499782
3997  3.495859
3998  1.276304
3999  1.095227

[4000 rows x 1 columns]","          data
0     3.374924
1     1.449945
2    -0.197457
3    -1.516336
4    -1.915049
...        ...
3995  0.248138
3996 -0.131441
3997 -0.129389
3998  0.082887
3999  1.134204

[4000 rows x 1 columns]","          data
0    -1.156303
1    -1.216285
2    -0.873008
3    -0.456701
4    -0.058294
...        ...
3995  3.202358
3996  3.140152
3997  3.147254
3998  1.624812
3999  1.002941

[4000 rows x 1 columns]",0
sample(AL),"          data
0     0.892039
1     0.858603
2     0.600032
3     0.371802
4     0.408741
...        ...
3995  0.311991
3996  0.197030
3997 -0.137893
3998 -0.823495
3999 -1.631348

[4000 rows x 1 columns]","          data
0    -0.793168
1    -0.817701
2    -1.096951
3    -1.278525
4    -1.287923
...        ...
3995 -0.480763
3996 -0.701870
3997 -1.079769
3998 -0.280332
3999  1.537625

[4000 rows x 1 columns]","          data
0     0.720074
1     0.919995
2     0.802667
3     0.560473
4     0.643824
...        ...
3995 -3.129585
3996 -2.576756
3997 -1.644654
3998 -1.225904
3999 -0.393214

[4000 rows x 1 columns]",1
sample(AM),"          data
0    -0.736014
1    -0.335640
2     0.079837
3     0.712242
4     1.296503
...        ...
3995  2.872561
3996  2.819820
3997  0.007533
3998 -0.635534
3999 -0.727039

[4000 rows x 1 columns]","          data
0     0.847433
1    -0.032276
2    -0.730013
3    -1.156978
4    -1.577475
...        ...
3995 -0.526655
3996 -0.513515
3997 -0.002603
3998  0.170612
3999  0.184616

[4000 rows x 1 columns]","          data
0    -1.019784
1    -0.148660
2     1.394653
3     2.940438
4     3.775822
...        ...
3995  0.038514
3996 -0.109987
3997 -2.246378
3998 -2.745899
3999 -2.887030

[4000 rows x 1 columns]",0
sample(AM),"          data
0    -0.344979
1    -0.428996
2    -0.412803
3    -0.005669
4     0.412582
...        ...
3995  0.003974
3996 -0.010252
3997 -0.014256
3998 -0.013534
3999  0.001626

[4000 rows x 1 columns]","          data
0    -0.779470
1    -0.677168
2    -0.631461
3    -0.962820
4    -1.050726
...        ...
3995  0.003271
3996  0.012815
3997  0.022247
3998  0.014952
3999  0.012437

[4000 rows x 1 columns]","          data
0    -0.571278
1    -0.044877
2     0.228824
3    -0.032992
4    -0.129966
...        ...
3995  0.003265
3996  0.005740
3997  0.017844
3998  0.027356
3999  0.007684

[4000 rows x 1 columns]",1
sample(AN),"          data
0    -4.317880
1    -4.054481
2    -3.542936
3    -3.489463
4    -3.712904
...        ...
3995 -1.100599
3996 -1.320605
3997 -1.626228
3998 -1.917430
3999 -2.050335

[4000 rows x 1 columns]","           data
0     -6.005033
1     -6.951523
2     -8.470566
3     -8.542200
4    -10.937245
...         ...
3995   2.757062
3996   4.635343
3997   6.102851
3998   6.771773
3999   6.305231

[4000 rows x 1 columns]","          data
0    -1.142237
1    -0.913380
2    -0.209442
3    -0.146842
4     1.705432
...        ...
3995  0.998448
3996  3.024147
3997  4.665351
3998  4.787675
3999  3.304144

[4000 rows x 1 columns]",0
sample(AN),"          data
0     2.352560
1     3.329081
2     4.396460
3     4.907180
4     5.202520
...        ...
3995 -2.454479
3996 -1.719295
3997 -0.641347
3998  0.070517
3999  0.429489

[4000 rows x 1 columns]","          data
0     1.205876
1     0.860474
2     0.828248
3     0.753041
4     0.427454
...        ...
3995  4.175741
3996  3.024351
3997  1.575558
3998  0.539464
3999 -0.508162

[4000 rows x 1 columns]","          data
0     1.058769
1     1.112189
2     1.054654
3     0.675415
4     0.406183
...        ...
3995  0.265352
3996  0.506246
3997  0.876853
3998  0.884966
3999  0.520594

[4000 rows x 1 columns]",1
sample(AO),"          data
0    -4.798529
1    -4.595575
2    -4.474354
3    -4.182834
4    -3.548049
...        ...
3995  0.758801
3996  1.044376
3997  1.240703
3998  1.180061
3999  1.012818

[4000 rows x 1 columns]","          data
0     5.308186
1     6.341444
2     6.040108
3     4.767645
4     3.114456
...        ...
3995 -0.857831
3996 -0.742643
3997 -1.074540
3998 -1.613049
3999 -2.205402

[4000 rows x 1 columns]","          data
0    -0.412742
1     0.042126
2     0.227543
3    -0.027984
4    -0.163595
...        ...
3995 -0.406749
3996 -0.375782
3997 -0.304320
3998 -0.219980
3999  0.148930

[4000 rows x 1 columns]",0
sample(AO),"          data
0     1.903803
1     2.121781
2     2.604309
3     2.362487
4     2.634331
...        ...
3995  1.609367
3996  1.657111
3997  1.841114
3998  2.025643
3999  1.514746

[4000 rows x 1 columns]","          data
0    -0.731520
1    -0.640678
2    -0.516713
3    -0.445853
4    -0.368087
...        ...
3995  1.050872
3996  1.912864
3997  2.209231
3998  2.586038
3999  3.548635

[4000 rows x 1 columns]","          data
0     0.776572
1     0.642211
2     0.323981
3     0.466067
4     0.660122
...        ...
3995  1.411975
3996  0.971960
3997  0.090844
3998 -0.554997
3999 -0.667547

[4000 rows x 1 columns]",1
sample(AP),"          data
0    -2.456214
1    -0.980125
2    -0.509898
3    -0.607784
4    -0.653284
...        ...
3995  1.079543
3996  1.255801
3997  1.975363
3998  2.771875
3999  3.534094

[4000 rows x 1 columns]","          data
0     5.239233
1     4.660875
2     3.466230
3     1.757750
4     1.781382
...        ...
3995 -1.444427
3996 -1.441486
3997 -0.817602
3998 -0.022950
3999  0.324917

[4000 rows x 1 columns]","          data
0     0.717574
1     0.537458
2    -0.669616
3    -0.261313
4    -0.338928
...        ...
3995  0.725918
3996  0.711496
3997  1.023751
3998  1.310216
3999  1.542919

[4000 rows x 1 columns]",0
sample(AP),"          data
0    -2.034746
1    -1.589830
2    -1.194077
3    -0.957179
4    -0.769161
...        ...
3995  1.872627
3996  2.428636
3997  2.169610
3998  2.436549
3999  2.429108

[4000 rows x 1 columns]","          data
0     2.743810
1     3.013474
2     3.014863
3     2.654643
4     1.772562
...        ...
3995 -1.219538
3996 -1.053535
3997 -0.163429
3998  0.137960
3999  0.969099

[4000 rows x 1 columns]","          data
0    -0.388194
1     0.484863
2     0.266773
3     0.180786
4     0.509545
...        ...
3995  1.775601
3996  0.215316
3997  0.496719
3998  0.544929
3999  0.719773

[4000 rows x 1 columns]",1
sample(AQ),"          data
0     1.511197
1     1.605921
2     1.428730
3     1.169921
4     0.964005
...        ...
3995  1.986667
3996  1.446661
3997  0.984337
3998  0.431168
3999  0.563743

[4000 rows x 1 columns]","          data
0     0.815819
1     0.719718
2     0.144772
3    -0.523149
4    -0.799803
...        ...
3995  2.122495
3996  0.612864
3997 -1.193666
3998 -1.153384
3999 -2.005363

[4000 rows x 1 columns]","          data
0    -0.724952
1    -0.248704
2     0.037715
3     0.214343
4     0.355903
...        ...
3995 -0.025642
3996  0.119699
3997  0.533046
3998  0.577650
3999  0.452884

[4000 rows x 1 columns]",0
sample(AQ),"          data
0    -3.929815
1    -3.337104
2    -1.652626
3    -1.246138
4    -0.504368
...        ...
3995  0.255073
3996  0.548928
3997  0.854935
3998  1.335680
3999  2.641060

[4000 rows x 1 columns]","          data
0     1.436046
1    -0.708492
2    -2.435631
3    -3.593243
4    -3.854220
...        ...
3995 -1.036072
3996 -1.393034
3997 -1.073003
3998 -1.010019
3999 -2.012215

[4000 rows x 1 columns]","          data
0    -3.137309
1    -2.341853
2    -0.530115
3     0.452318
4    -0.068358
...        ...
3995 -1.929883
3996 -1.938822
3997 -1.889787
3998 -2.314013
3999  3.572867

[4000 rows x 1 columns]",1
sample(AR),"          data
0    -0.125660
1     0.357038
2     0.327888
3     0.652456
4     0.599904
...        ...
3995  2.105684
3996  2.903553
3997  3.247665
3998  3.341542
3999  3.382897

[4000 rows x 1 columns]","          data
0    -3.370978
1    -3.292439
2    -3.283563
3    -3.218634
4    -3.092756
...        ...
3995  0.088705
3996  1.185309
3997  2.118359
3998  2.721711
3999  2.736096

[4000 rows x 1 columns]","          data
0    -0.230540
1    -0.719546
2    -0.738986
3    -0.912640
4    -0.269132
...        ...
3995  2.088543
3996  2.115035
3997  2.002360
3998  1.840009
3999  1.867040

[4000 rows x 1 columns]",0
sample(AR),"          data
0     2.178011
1     1.559725
2     0.511273
3    -0.830238
4    -1.519973
...        ...
3995  2.347792
3996  3.018667
3997  3.207459
3998  2.145084
3999  0.132914

[4000 rows x 1 columns]","          data
0     1.153033
1     0.236205
2    -0.646807
3    -1.695332
4    -2.762540
...        ...
3995 -1.788213
3996 -0.838986
3997 -0.051902
3998  0.481883
3999  0.552979

[4000 rows x 1 columns]","          data
0     3.670917
1     4.351375
2     4.619453
3     4.196801
4     3.008616
...        ...
3995 -3.741606
3996 -5.177948
3997 -5.207539
3998 -3.431156
3999 -1.458113

[4000 rows x 1 columns]",1
sample(AS),"          data
0    -1.900962
1    -0.779581
2     0.226593
3     0.846628
4     1.019728
...        ...
3995  1.359003
3996  3.069941
3997  4.352444
3998  3.379315
3999  1.525015

[4000 rows x 1 columns]","          data
0    -4.592233
1    -5.026477
2    -5.376923
3    -5.458657
4    -5.168202
...        ...
3995 -0.493622
3996  0.204987
3997  2.957456
3998  5.304661
3999  6.176692

[4000 rows x 1 columns]","          data
0    -3.902917
1    -4.615988
2    -5.054337
3    -5.510736
4    -5.309893
...        ...
3995  3.679438
3996  5.697812
3997  5.883375
3998  3.233392
3999  0.041109

[4000 rows x 1 columns]",0
sample(AS),"          data
0     6.667260
1     8.852057
2     8.042678
3     3.898619
4     0.166401
...        ...
3995 -3.212540
3996 -2.330992
3997 -2.169695
3998 -2.498750
3999 -2.095823

[4000 rows x 1 columns]","          data
0     1.500629
1     0.493708
2    -1.724969
3    -2.826570
4    -2.740836
...        ...
3995 -4.484363
3996 -4.563607
3997 -4.698342
3998 -4.100190
3999 -3.705431

[4000 rows x 1 columns]","          data
0     0.430703
1    -0.793601
2    -0.815203
3     0.285846
4     0.998299
...        ...
3995  0.141342
3996  0.865454
3997  1.069973
3998  1.266279
3999  1.296418

[4000 rows x 1 columns]",1
